AC-No,Name.,Department,Date,Time
220115,220115,OUR COMPANY,01/05/2023,
220115,220115,OUR COMPANY,02/05/2023,16:45
220115,220115,OUR COMPANY,03/05/2023,03:57 16:48
220115,220115,OUR COMPANY,04/05/2023,16:49
220115,220115,OUR COMPANY,05/05/2023,03:47 16:46
220115,220115,OUR COMPANY,06/05/2023,03:50 16:38
220115,220115,OUR COMPANY,07/05/2023,03:46 16:37
220115,220115,OUR COMPANY,08/05/2023,01:47 16:48
220115,220115,OUR COMPANY,09/05/2023,01:49 16:48
220115,220115,OUR COMPANY,10/05/2023,02:46 16:41
220115,220115,OUR COMPANY,11/05/2023,03:30 16:51
220115,220115,OUR COMPANY,12/05/2023,03:47 16:47
220115,220115,OUR COMPANY,13/05/2023,03:59 04:01 16:48
220115,220115,OUR COMPANY,14/05/2023,03:46
220115,220115,OUR COMPANY,15/05/2023,16:56
220115,220115,OUR COMPANY,16/05/2023,06:50 16:57
220115,220115,OUR COMPANY,17/05/2023,06:41 16:57
220115,220115,OUR COMPANY,18/05/2023,07:56 16:56
220115,220115,OUR COMPANY,19/05/2023,07:48 20:48
220115,220115,OUR COMPANY,20/05/2023,07:52 16:54
220115,220115,OUR COMPANY,21/05/2023,
220115,220115,OUR COMPANY,22/05/2023,07:47 20:49
220115,220115,OUR COMPANY,23/05/2023,16:56
220115,220115,OUR COMPANY,24/05/2023,07:56 20:45 20:50
220115,220115,OUR COMPANY,25/05/2023,07:53 16:56
220115,220115,OUR COMPANY,26/05/2023,07:54 20:50
220115,220115,OUR COMPANY,27/05/2023,07:56 16:56
220115,220115,OUR COMPANY,28/05/2023,
220115,220115,OUR COMPANY,29/05/2023,16:49
220115,220115,OUR COMPANY,30/05/2023,03:53 16:52
220115,220115,OUR COMPANY,31/05/2023,03:50 16:55
230008,230008,OUR COMPANY,01/05/2023,
230008,230008,OUR COMPANY,02/05/2023,
230008,230008,OUR COMPANY,03/05/2023,03:58 16:53
230008,230008,OUR COMPANY,04/05/2023,16:35
230008,230008,OUR COMPANY,05/05/2023,03:47 16:42
230008,230008,OUR COMPANY,06/05/2023,03:47 16:38
230008,230008,OUR COMPANY,07/05/2023,03:46 16:43
230008,230008,OUR COMPANY,08/05/2023,01:48 16:41
230008,230008,OUR COMPANY,09/05/2023,01:49 16:39
230008,230008,OUR COMPANY,10/05/2023,02:47 16:42
230008,230008,OUR COMPANY,11/05/2023,03:32 16:47
230008,230008,OUR COMPANY,12/05/2023,03:46 16:45
230008,230008,OUR COMPANY,13/05/2023,04:01 16:42
230008,230008,OUR COMPANY,14/05/2023,03:46
230008,230008,OUR COMPANY,15/05/2023,16:58
230008,230008,OUR COMPANY,16/05/2023,07:50 16:58
230008,230008,OUR COMPANY,17/05/2023,
230008,230008,OUR COMPANY,18/05/2023,07:53 16:56
230008,230008,OUR COMPANY,19/05/2023,07:44 20:48
230008,230008,OUR COMPANY,20/05/2023,07:37 16:54
230008,230008,OUR COMPANY,21/05/2023,
230008,230008,OUR COMPANY,22/05/2023,07:48 20:49
230008,230008,OUR COMPANY,23/05/2023,07:44 16:56
230008,230008,OUR COMPANY,24/05/2023,07:48 20:50
230008,230008,OUR COMPANY,25/05/2023,07:53 16:56
230008,230008,OUR COMPANY,26/05/2023,07:56 20:50
230008,230008,OUR COMPANY,27/05/2023,07:53 16:56
230008,230008,OUR COMPANY,28/05/2023,
230008,230008,OUR COMPANY,29/05/2023,16:52
230008,230008,OUR COMPANY,30/05/2023,03:54 16:52
230008,230008,OUR COMPANY,31/05/2023,03:53 16:49
230009,230009,OUR COMPANY,01/05/2023,
230009,230009,OUR COMPANY,02/05/2023,16:39
230009,230009,OUR COMPANY,03/05/2023,03:58 16:41
230009,230009,OUR COMPANY,04/05/2023,16:38
230009,230009,OUR COMPANY,05/05/2023,03:46 16:41
230009,230009,OUR COMPANY,06/05/2023,03:47 16:43
230009,230009,OUR COMPANY,07/05/2023,03:46 16:44 16:50
230009,230009,OUR COMPANY,08/05/2023,01:46 16:42
230009,230009,OUR COMPANY,09/05/2023,01:46 16:49
230009,230009,OUR COMPANY,10/05/2023,02:52
230009,230009,OUR COMPANY,11/05/2023,16:49
230009,230009,OUR COMPANY,12/05/2023,03:46 16:41
230009,230009,OUR COMPANY,13/05/2023,03:55 16:43
230009,230009,OUR COMPANY,14/05/2023,03:47
230009,230009,OUR COMPANY,15/05/2023,16:57
230009,230009,OUR COMPANY,16/05/2023,07:47 16:58
230009,230009,OUR COMPANY,17/05/2023,07:49 16:56
230009,230009,OUR COMPANY,18/05/2023,07:45 16:52
230009,230009,OUR COMPANY,19/05/2023,07:44 16:54
230009,230009,OUR COMPANY,20/05/2023,07:47 20:48
230009,230009,OUR COMPANY,21/05/2023,
230009,230009,OUR COMPANY,22/05/2023,07:48 16:50
230009,230009,OUR COMPANY,23/05/2023,07:47 20:50
230009,230009,OUR COMPANY,24/05/2023,07:48 16:53
230009,230009,OUR COMPANY,25/05/2023,07:53 20:49
230009,230009,OUR COMPANY,26/05/2023,07:54 16:55
230009,230009,OUR COMPANY,27/05/2023,07:50 16:55
230009,230009,OUR COMPANY,28/05/2023,
230009,230009,OUR COMPANY,29/05/2023,16:53
230009,230009,OUR COMPANY,30/05/2023,03:50 16:47
230009,230009,OUR COMPANY,31/05/2023,03:52 16:52